Product Name,Vendor,Overall Trend,Observation
Apple AirPods Pro 2,amazon,COMPETITOR_PRICE_LOWER | LOWEST_COMPETITOR,COMPETITOR_PRICE_LOWER; LOWEST_COMPETITOR
Apple AirPods Pro 2,bestbuy,COMPETITOR_PRICE_LOWER,COMPETITOR_PRICE_LOWER
Apple AirPods Pro 2,walmart,COMPETITOR_PRICE_LOWER,COMPETITOR_PRICE_LOWER
Bose QuietComfort (Black),amazon,COMPETITOR_PRICE_LOWER | LOWEST_COMPETITOR,COMPETITOR_PRICE_LOWER; LOWEST_COMPETITOR
Bose QuietComfort (Black),bestbuy,COMPETITOR_PRICE_LOWER,COMPETITOR_PRICE_LOWER
Bose QuietComfort (Black),walmart,COMPETITOR_PRICE_LOWER,COMPETITOR_PRICE_LOWER
Sony WH-1000XM5 (Black),amazon,LOWEST_COMPETITOR,LOWEST_COMPETITOR
Sony WH-1000XM5 (Black),bestbuy,OUT_OF_STOCK,OUT_OF_STOCK
Sony WH-1000XM5 (Black),walmart,CURRENT_SNAPSHOT,No rule-triggered event
