Item Number,Product Name,Vendor,Base Price,Final Price,My price,Recent Stock,Current Stock,Timestamp
apple-airpods-pro-2,Apple AirPods Pro 2,amazon,249.00,189.99,249.00,In Stock,In Stock,2026-09-22T00:00:00Z
apple-airpods-pro-2,Apple AirPods Pro 2,bestbuy,249.99,199.99,249.00,In Stock,In Stock,2026-09-22T00:00:00Z
apple-airpods-pro-2,Apple AirPods Pro 2,walmart,249.00,199.00,249.00,In Stock,In Stock,2026-09-22T00:00:00Z
bose-quietcomfort-black,Bose QuietComfort (Black),amazon,429.00,349.00,429.00,In Stock,In Stock,2026-09-22T00:00:00Z
bose-quietcomfort-black,Bose QuietComfort (Black),bestbuy,429.99,349.99,429.00,In Stock,In Stock,2026-09-22T00:00:00Z
bose-quietcomfort-black,Bose QuietComfort (Black),walmart,429.00,359.00,429.00,In Stock,In Stock,2026-09-22T00:00:00Z
sony-wh-1000xm5-black,Sony WH-1000XM5 (Black),amazon,399.99,348.00,328.00,In Stock,In Stock,2026-09-22T00:00:00Z
sony-wh-1000xm5-black,Sony WH-1000XM5 (Black),bestbuy,399.99,349.99,328.00,Out of Stock,Out of Stock,2026-09-22T00:00:00Z
sony-wh-1000xm5-black,Sony WH-1000XM5 (Black),walmart,399.99,349.00,328.00,In Stock,In Stock,2026-09-22T00:00:00Z
